name,email
Abhraneel Sarma,
Abhratanu Dutta,
Aleksandar Kuzmanovic,
Alexandros Nikolaos Lotsos,
Alok Nidhi Choudhary,
Amartya Banerjee,
Anastasia Kurdia,
Andrew Crotty,
Andrew James Crotty,
Anjali Agarwal,
Aravindan Vijayaraghavan,
Blaine Rothrock,
Branden Ghena,
Branden Robert Ghena,
Brenna Dee Argall,
Bryan A. Pardo,
Bryan Pardo,
Christopher K Riesbeck,
Christopher Riesbeck,
Christos Dimoulas,
Connor Bain,
Connor Patrick Bain,
Daniel Waino Linna,
Darren Robert Gergle,
David Demeter,
David William Demeter,
Dietrich Alexander Geisler,
Dietrich Geisler,
Dmitrii Avdiukhin,
Edith Elkind,
Eleanor Mary O'Rourke,
Emma Alexander,
Emma Bertat Alexander,
Eric Michael Evert,
Esteban Carisimo,
Fabian E Bustamante,
Fabián E. Bustamante,
Florian Andreas Schiffers,
Hamilton Murrah,
Han Liu,
Haoqi Zhang,
Huiling Hu,
Ian D Horswill,
Ian Horswill,
Jason D Hartline,
Jason Hartline,
Jennie M Rogers,
Jennie Rogers,
Jeremy D Gilbert,
Jessica Ruth Hullman,
Jinshuo Dong,
John David Villasenor,
John E Tumblin,
Joseph Edward Hummel,
Joseph Hummel,
Joshua D'Arcy,
Joshua Harry Perry,
Joshua Stuart D'arcy,
Julia Gaudio,
Kaitlin Nicole Smith,
Karan Ahuja,
Kate (Kaitlin) Smith,
Katherine E Compton,
Kenneth D Forbus,
Kenneth Forbus,
Konstantin Makarychev,
Kristian Hammond,
Kristian J Hammond,
Lawrence A Birnbaum,
Lily Ge,
Lydia Tse,
Maia Cousins,
Maia Jacobs,
Maia Lee Jacobs,
Manling Li,
Marcelo Aaron Bonilla Worsley,
Marcelo Worsley,
Maryam Hedayati,
Matthew Jeremy Shaver Kay,
Michael Rubenstein,
Michael Stephen Horn,
Michail Mamakos,
Miklos Zoltan Racz,
Mohammad Kavousi,
Mohammed Alam,
Mohammed Anwarul Alam,
Nabil Iyad Alshurafa,
Natalie Melo,
Nikolaos Hardavellas,
Nikos Hardavellas,
Nivedita Arora,
Noshir Contractor,
Oleg Duka Evdokimov,
Oleg Evdokimov,
Paula Kay Hooper,
Peng Kang,
Peter A Dinda,
Peter Dinda,
Robby Findler,
Robert Findler,
Robert Frederick Voigt,
Robert Zubek,
Ruixiang Chai,
Samir Khuller,
Samuel Leviton Kriegman,
Sanchit Kalhan,
Sara Hodges Owsley,
Sara Owsley,
Simone Campanoni,
Sruti Bhagavatula,
Sruti Sakuntala Bhagavatula,
Stephan Moore,
Todd M Warren,
Todd Warren,
Uri Wilensky,
Uriel J Wilensky,
V.S. Subrahmanian,
Venkatramanan Siva Subrahmanian,
Victoria C Chavez,
Victoria Concepción Chávez,
Vincent St-Amour,
Xiao Wang,
Xinyu Xing,
Yan Chen,
Yiji Zhang,
Zach Wise,
Zach Wood-Doughty,
Zachary David Wood-Doughty,
